id,property_id,maintenance_name,cost,maintenance_type,due_date
1,205,Organic upward-trending pricing structure,$174.32,scheduled,2023-03-11 23:24:31
2,461,Networked 6th generation website,$2106.89,preventative,2024-04-30 20:44:41
3,981,Vision-oriented modular success,$2423.44,emergency,2024-09-26 19:25:13
4,768,Multi-lateral dedicated secured line,$2454.62,preventative,2024-10-03 02:10:13
5,512,Synchronised mobile circuit,$2394.38,preventative,2024-03-23 14:47:13
6,761,Digitized didactic extranet,$343.45,emergency,2024-09-27 04:49:30
7,444,Polarised radical project,$2082.64,emergency,2025-03-08 19:20:28
8,89,Down-sized web-enabled core,$1124.62,cosmetic,2024-07-17 00:02:36
9,309,Devolved zero administration matrix,$2205.88,preventative,2024-12-17 18:28:55
10,92,Multi-layered leading edge archive,$835.92,preventative,2023-03-20 02:13:55
11,464,Pre-emptive composite forecast,$280.75,emergency,2023-10-09 17:00:06
12,379,Diverse solution-oriented monitoring,$2262.76,cosmetic,2023-04-05 02:49:25
13,528,Decentralized system-worthy matrices,$1358.64,cosmetic,2023-08-13 15:17:12
14,774,Fundamental demand-driven projection,$1601.28,cosmetic,2023-03-22 06:35:09
15,488,Versatile mobile alliance,$132.39,emergency,2024-04-24 00:08:43
16,727,Intuitive dynamic projection,$2270.46,scheduled,2023-05-03 09:08:26
17,740,Expanded well-modulated middleware,$750.46,emergency,2024-11-11 02:17:09
18,208,Versatile upward-trending neural-net,$1925.53,preventative,2023-09-06 09:07:11
19,464,Managed multi-tasking customer loyalty,$384.17,cosmetic,2024-04-28 06:59:11
20,806,Inverse didactic contingency,$2072.19,scheduled,2023-10-12 23:37:50
21,895,Open-source executive budgetary management,$778.24,emergency,2024-06-21 23:21:12
22,84,Horizontal incremental ability,$1497.65,emergency,2023-11-25 09:40:40
23,20,Innovative background emulation,$1288.16,cosmetic,2025-07-16 07:46:22
24,615,Public-key upward-trending policy,$1421.06,preventative,2025-03-17 19:38:54
25,728,Optimized even-keeled architecture,$670.79,preventative,2024-04-19 20:55:02
26,995,Synergistic upward-trending superstructure,$870.82,scheduled,2025-07-09 14:14:02
27,229,Horizontal uniform open architecture,$1013.58,emergency,2024-01-19 06:53:40
28,32,Ameliorated tangible task-force,$883.48,scheduled,2023-10-29 16:58:41
29,111,Persevering zero defect productivity,$1464.65,preventative,2023-09-16 16:10:44
30,901,Enhanced bifurcated ability,$607.88,scheduled,2024-09-19 11:08:39
31,213,Open-architected 24/7 intranet,$2354.20,emergency,2024-05-26 05:34:44
32,101,Organized dedicated functionalities,$624.46,scheduled,2024-06-17 00:05:14
33,699,Ameliorated national conglomeration,$2418.50,preventative,2024-08-04 18:49:05
34,216,Upgradable mission-critical benchmark,$1236.41,cosmetic,2024-01-27 01:23:01
35,558,Diverse disintermediate Graphical User Interface,$1934.54,preventative,2023-10-17 11:02:59
36,705,Robust system-worthy complexity,$1388.73,emergency,2024-01-28 15:10:12
37,297,Polarised reciprocal superstructure,$1388.03,preventative,2023-06-23 01:33:24
38,266,Right-sized composite functionalities,$272.78,cosmetic,2025-02-24 02:41:28
39,977,Implemented bottom-line firmware,$702.34,cosmetic,2024-10-12 11:38:45
40,469,Phased attitude-oriented paradigm,$29.03,cosmetic,2024-05-17 07:57:04
41,889,Re-contextualized heuristic utilisation,$1183.69,cosmetic,2023-06-23 01:33:49
42,464,Ameliorated fresh-thinking conglomeration,$1079.68,cosmetic,2025-05-07 20:31:17
43,178,Innovative systemic productivity,$1084.29,emergency,2024-05-17 01:54:10
44,18,Public-key foreground hierarchy,$894.74,cosmetic,2023-05-26 23:17:34
45,55,Multi-lateral cohesive website,$2389.96,cosmetic,2024-01-01 15:39:04
46,882,Centralized non-volatile task-force,$1105.97,emergency,2024-10-09 01:37:46
47,624,Profound transitional synergy,$1281.62,emergency,2025-03-01 07:41:49
48,261,Virtual multimedia core,$2329.32,preventative,2023-09-12 22:57:51
49,339,Persevering responsive concept,$2432.23,scheduled,2023-09-17 17:34:33
50,375,Function-based non-volatile artificial intelligence,$1622.24,preventative,2025-05-17 20:43:44
51,393,De-engineered bi-directional workforce,$746.85,scheduled,2025-07-18 10:58:52
52,943,Stand-alone bi-directional throughput,$1031.49,emergency,2023-12-27 00:17:20
53,977,Exclusive 4th generation frame,$1716.23,scheduled,2025-03-25 18:57:35
54,722,Optional heuristic website,$2064.99,preventative,2024-06-29 13:57:58
55,904,Assimilated didactic local area network,$1438.32,scheduled,2024-06-28 12:28:48
56,160,Synchronised 6th generation superstructure,$1948.98,emergency,2023-07-07 01:55:38
57,115,Re-contextualized didactic process improvement,$2389.91,scheduled,2024-04-06 19:01:54
58,711,Object-based fresh-thinking orchestration,$2092.09,cosmetic,2025-01-15 02:06:44
59,966,Integrated responsive synergy,$1104.74,scheduled,2024-11-06 15:27:38
60,293,Exclusive grid-enabled emulation,$397.22,emergency,2025-05-09 17:43:19
61,241,Robust multi-tasking encryption,$197.55,emergency,2024-02-10 02:20:56
62,564,Optional mission-critical emulation,$1844.63,emergency,2024-12-16 17:26:37
63,538,Ameliorated 24 hour customer loyalty,$988.10,emergency,2025-05-18 08:26:53
64,498,Cross-platform 24/7 policy,$1996.33,scheduled,2024-08-17 16:07:02
65,842,Realigned systemic open system,$1218.16,scheduled,2025-07-27 23:54:12
66,100,Assimilated impactful artificial intelligence,$1410.65,scheduled,2025-01-20 05:37:46
67,314,Managed local parallelism,$959.66,cosmetic,2024-12-05 13:09:23
68,94,Seamless well-modulated software,$1605.31,scheduled,2024-09-29 14:07:01
69,565,Customizable static access,$1636.85,emergency,2024-12-11 05:19:20
70,584,Synchronised high-level contingency,$2253.16,cosmetic,2025-07-04 09:50:16
71,339,Ameliorated needs-based orchestration,$1110.67,scheduled,2025-06-18 18:43:33
72,110,Multi-lateral didactic protocol,$582.61,preventative,2024-09-20 07:31:40
73,260,User-friendly bifurcated system engine,$2090.88,emergency,2024-05-26 05:06:55
74,67,Automated radical challenge,$592.33,preventative,2024-12-18 03:29:56
75,84,Networked neutral challenge,$1444.94,cosmetic,2023-06-19 04:40:53
76,932,Re-engineered client-driven info-mediaries,$2220.90,emergency,2025-07-22 19:13:37
77,806,Open-source holistic service-desk,$651.52,preventative,2025-03-20 03:12:07
78,51,De-engineered responsive installation,$385.13,scheduled,2025-03-27 02:51:32
79,488,Reactive contextually-based project,$1799.16,emergency,2023-12-01 04:45:10
80,549,Down-sized didactic open architecture,$2224.54,cosmetic,2024-07-30 04:07:16
81,20,Innovative empowering leverage,$1173.15,scheduled,2023-10-18 14:01:13
82,397,Organic multimedia pricing structure,$994.50,cosmetic,2024-01-07 22:57:05
83,818,Customizable dedicated orchestration,$2317.31,preventative,2023-09-25 15:38:51
84,582,Front-line even-keeled project,$2397.80,cosmetic,2024-09-27 00:47:32
85,395,Right-sized grid-enabled firmware,$2020.93,emergency,2025-01-07 07:56:08
86,690,Managed homogeneous attitude,$1310.27,emergency,2025-07-20 16:04:39
87,466,Visionary real-time ability,$2095.63,emergency,2025-05-26 20:55:21
88,810,Ergonomic user-facing framework,$1069.17,cosmetic,2024-02-18 07:48:26
89,419,Multi-layered object-oriented functionalities,$272.38,scheduled,2024-06-02 06:29:55
90,52,Fundamental 4th generation algorithm,$1389.34,scheduled,2023-04-06 01:48:24
91,31,Extended didactic array,$1115.18,scheduled,2024-07-05 23:28:06
92,202,Function-based systemic productivity,$212.47,cosmetic,2023-12-03 07:32:37
93,292,Persistent motivating time-frame,$798.83,cosmetic,2023-07-29 21:43:17
94,499,Right-sized incremental methodology,$1473.18,emergency,2025-05-28 03:19:07
95,595,Balanced user-facing website,$1180.61,cosmetic,2025-05-06 15:44:57
96,161,Profit-focused human-resource archive,$2248.57,emergency,2024-02-04 08:10:49
97,807,Persistent zero administration productivity,$2140.33,emergency,2024-12-04 09:43:32
98,9,Innovative optimal product,$2076.28,scheduled,2024-06-14 23:15:44
99,754,Open-source radical contingency,$676.21,scheduled,2023-10-08 14:06:17
100,390,Face to face 6th generation help-desk,$384.89,scheduled,2024-08-05 13:20:51
101,361,Implemented systemic open system,$2131.16,scheduled,2024-02-17 09:35:52
102,558,Persistent background hierarchy,$433.59,preventative,2025-08-21 04:31:34
103,660,Reactive full-range analyzer,$578.39,scheduled,2023-12-17 17:22:57
104,782,Vision-oriented empowering encryption,$2175.83,cosmetic,2025-02-28 09:13:31
105,313,Open-source asynchronous leverage,$2447.72,preventative,2024-03-07 17:39:42
106,616,Visionary intangible service-desk,$1006.48,preventative,2024-11-20 18:47:22
107,905,Down-sized next generation product,$1580.01,scheduled,2025-06-05 23:19:17
108,346,Programmable object-oriented open system,$560.31,cosmetic,2024-03-19 00:31:06
109,1,Public-key analyzing conglomeration,$1974.55,cosmetic,2024-01-07 08:36:55
110,738,Seamless contextually-based extranet,$1982.12,cosmetic,2023-06-02 09:18:32
111,765,Progressive 4th generation application,$1797.62,scheduled,2023-10-02 12:36:37
112,398,Proactive responsive standardization,$80.70,preventative,2023-11-11 15:43:03
113,898,Operative systematic software,$1222.72,cosmetic,2024-06-22 07:52:49
114,592,Customizable modular challenge,$2316.84,preventative,2025-04-21 01:02:42
115,910,Operative stable installation,$251.09,cosmetic,2023-11-13 18:57:57
116,703,Distributed needs-based moratorium,$1437.76,preventative,2025-06-16 04:25:24
117,753,Monitored clear-thinking benchmark,$1786.19,cosmetic,2025-05-28 21:39:33
118,500,Exclusive modular database,$514.69,cosmetic,2023-11-24 06:19:23
119,739,Multi-tiered background help-desk,$2073.35,emergency,2023-06-25 07:55:51
120,589,Operative needs-based orchestration,$2006.48,scheduled,2024-10-20 20:16:58
121,811,Managed mission-critical infrastructure,$5.48,preventative,2024-10-01 11:47:34
122,658,Phased human-resource open architecture,$36.08,emergency,2025-07-02 15:32:41
123,58,Mandatory transitional artificial intelligence,$1879.43,cosmetic,2023-09-07 18:21:54
124,849,Multi-tiered global Graphical User Interface,$1619.96,cosmetic,2025-04-09 19:57:35
125,611,Phased background success,$2476.83,scheduled,2024-08-18 05:30:01
126,838,Reactive multimedia internet solution,$891.79,cosmetic,2024-03-26 08:14:52
127,448,Compatible bandwidth-monitored architecture,$443.91,cosmetic,2024-03-11 05:32:32
128,597,Optimized bandwidth-monitored installation,$1673.38,emergency,2023-03-25 23:34:26
129,368,Integrated tangible Graphical User Interface,$1603.98,emergency,2025-07-19 13:05:46
130,859,Open-source background website,$119.29,emergency,2023-12-28 09:59:28
131,93,Monitored web-enabled product,$886.62,emergency,2024-03-09 12:29:14
132,532,Phased stable help-desk,$1197.15,preventative,2024-11-10 09:09:16
133,733,Balanced local groupware,$1143.92,scheduled,2024-08-14 09:46:50
134,608,Programmable systemic neural-net,$963.46,cosmetic,2024-11-24 12:51:33
135,228,Function-based explicit moratorium,$2067.67,scheduled,2024-08-26 07:50:27
136,502,Managed clear-thinking budgetary management,$379.19,emergency,2024-10-10 02:08:15
137,620,Fully-configurable homogeneous firmware,$978.01,preventative,2025-07-14 10:02:29
138,581,Reverse-engineered tangible support,$195.83,preventative,2024-10-21 02:59:30
139,46,Integrated zero tolerance orchestration,$365.39,cosmetic,2023-03-31 06:35:50
140,606,Robust foreground flexibility,$748.32,cosmetic,2024-02-23 14:29:15
141,272,Right-sized incremental conglomeration,$1744.18,scheduled,2025-03-09 21:53:08
142,528,Team-oriented interactive customer loyalty,$2372.06,cosmetic,2024-05-14 01:17:35
143,7,Profit-focused foreground leverage,$1852.30,preventative,2023-07-12 01:45:24
144,748,Horizontal user-facing portal,$1194.84,scheduled,2024-08-22 01:02:00
145,450,Horizontal radical orchestration,$1534.66,scheduled,2025-01-07 16:11:01
146,927,Front-line tangible middleware,$2068.44,emergency,2023-07-22 09:43:27
147,6,Open-architected 24 hour product,$1078.37,cosmetic,2025-03-18 01:44:15
148,646,Cross-group responsive concept,$659.90,cosmetic,2023-03-16 04:45:16
149,219,Function-based hybrid array,$2248.53,preventative,2025-06-02 07:53:10
150,209,Team-oriented dynamic definition,$489.03,preventative,2023-10-19 11:28:48
151,428,Robust empowering internet solution,$347.27,scheduled,2023-04-18 20:07:42
152,899,Enhanced bi-directional support,$2338.29,cosmetic,2023-12-17 21:48:56
153,939,Programmable radical archive,$1103.23,preventative,2024-03-05 00:23:37
154,603,Operative intermediate methodology,$681.92,emergency,2024-08-01 14:30:58
155,430,Fundamental executive installation,$1587.62,scheduled,2025-07-24 01:31:45
156,125,Triple-buffered 5th generation knowledge user,$1461.72,emergency,2025-08-05 04:16:54
157,862,Switchable maximized ability,$1701.74,scheduled,2025-03-09 20:20:25
158,496,Optional demand-driven time-frame,$1472.13,emergency,2024-07-03 13:28:56
159,543,Streamlined bi-directional success,$689.97,cosmetic,2023-05-12 02:51:02
160,112,Decentralized local moderator,$87.38,emergency,2024-03-09 23:02:06
161,318,Front-line multi-state portal,$1434.76,scheduled,2025-02-22 04:04:37
162,649,Triple-buffered disintermediate throughput,$743.66,preventative,2025-04-03 02:53:21
163,793,Grass-roots encompassing task-force,$1005.80,scheduled,2023-04-02 03:55:48
164,759,User-friendly bifurcated circuit,$1661.08,cosmetic,2024-09-03 02:32:54
165,504,Open-source scalable interface,$2073.34,cosmetic,2024-04-16 23:28:07
166,142,Open-architected discrete focus group,$1146.82,preventative,2023-12-28 02:48:06
167,444,Organic maximized knowledge base,$1350.41,preventative,2023-03-23 19:26:01
168,622,Object-based object-oriented focus group,$434.46,emergency,2023-05-15 09:51:32
169,406,Triple-buffered motivating archive,$309.39,emergency,2023-05-21 17:52:17
170,224,Realigned composite database,$83.31,scheduled,2025-02-08 20:13:37
171,493,Streamlined asynchronous capability,$389.82,scheduled,2024-12-10 05:38:25
172,698,Balanced maximized frame,$351.83,scheduled,2023-06-26 06:15:23
173,453,Realigned dynamic project,$316.00,emergency,2024-09-27 13:58:29
174,663,Compatible multi-tasking parallelism,$1364.34,cosmetic,2024-03-26 09:41:51
175,24,Multi-lateral system-worthy moderator,$2445.74,preventative,2024-01-07 07:03:39
176,329,Monitored radical function,$1019.64,preventative,2025-08-12 05:45:11
177,547,Devolved reciprocal knowledge base,$2171.20,emergency,2024-03-26 15:31:04
178,616,Optional systemic functionalities,$1887.93,scheduled,2023-07-17 03:06:20
179,43,Mandatory bifurcated utilisation,$1767.16,preventative,2023-11-18 05:45:58
180,390,Front-line content-based productivity,$540.44,emergency,2024-09-12 04:41:42
181,10,Intuitive asynchronous initiative,$1122.44,preventative,2024-07-23 13:40:23
182,941,Virtual context-sensitive adapter,$1487.18,emergency,2024-09-14 22:51:05
183,967,Progressive homogeneous approach,$1452.74,cosmetic,2023-07-17 01:23:30
184,899,Automated upward-trending budgetary management,$2340.03,preventative,2024-05-11 11:32:30
185,218,Mandatory zero tolerance instruction set,$495.29,scheduled,2025-04-14 10:54:25
186,550,Centralized disintermediate conglomeration,$1580.73,cosmetic,2023-05-06 21:47:13
187,976,Proactive bi-directional moratorium,$553.49,cosmetic,2023-04-03 10:24:01
188,422,Innovative mobile data-warehouse,$1359.20,emergency,2024-07-06 02:04:50
189,724,Function-based context-sensitive access,$1137.76,cosmetic,2024-04-07 03:04:56
190,115,Distributed mobile implementation,$1578.19,preventative,2024-05-22 06:06:53
191,118,Persevering asynchronous analyzer,$1310.34,preventative,2024-07-15 16:24:03
192,168,Sharable encompassing parallelism,$396.02,preventative,2025-03-01 06:04:09
193,487,Fundamental tertiary middleware,$1595.35,cosmetic,2025-01-28 14:56:25
194,468,Grass-roots mobile system engine,$1102.26,emergency,2024-02-08 14:47:09
195,743,Configurable demand-driven standardization,$1850.21,scheduled,2024-12-14 14:29:04
196,346,Realigned transitional circuit,$1644.26,scheduled,2024-12-04 22:29:13
197,5,Self-enabling even-keeled intranet,$630.14,preventative,2025-02-11 19:44:09
198,151,Quality-focused bandwidth-monitored task-force,$1494.26,scheduled,2023-05-26 04:38:25
199,969,Optional value-added system engine,$1488.02,emergency,2024-02-10 12:01:04
200,282,Future-proofed tertiary challenge,$1667.55,scheduled,2024-11-14 09:35:12
201,927,Advanced 6th generation customer loyalty,$833.88,cosmetic,2023-06-14 00:22:44
202,263,Self-enabling zero defect moratorium,$638.42,emergency,2025-02-18 17:38:33
203,259,Cross-platform demand-driven analyzer,$565.69,preventative,2024-11-13 04:10:38
204,323,Multi-channelled systemic capacity,$979.90,preventative,2024-02-07 17:49:56
205,477,Visionary regional info-mediaries,$2485.46,scheduled,2024-01-04 02:36:48
206,416,Seamless 24 hour throughput,$18.38,preventative,2025-05-22 13:49:44
207,600,Re-engineered non-volatile moratorium,$1210.81,cosmetic,2024-06-30 16:54:29
208,6,Synchronised encompassing archive,$2024.36,scheduled,2023-07-04 23:27:11
209,255,Optimized context-sensitive emulation,$1840.62,cosmetic,2024-03-20 11:25:16
210,452,Customizable homogeneous website,$114.06,preventative,2025-02-09 01:18:27
211,534,Focused coherent monitoring,$407.96,scheduled,2024-01-14 15:54:11
212,721,Balanced empowering knowledge base,$1161.91,cosmetic,2025-06-11 12:07:46
213,848,Fundamental actuating focus group,$373.22,preventative,2023-11-21 14:37:20
214,9,Compatible 24 hour open architecture,$58.17,scheduled,2025-07-23 00:11:02
215,298,Customer-focused fresh-thinking extranet,$1829.46,scheduled,2025-02-21 01:04:42
216,84,Pre-emptive logistical website,$16.86,emergency,2024-05-12 07:24:50
217,401,Self-enabling zero tolerance database,$1371.81,cosmetic,2024-03-20 02:04:58
218,248,Public-key content-based monitoring,$2145.89,scheduled,2024-10-02 08:30:36
219,182,Multi-channelled well-modulated open architecture,$1703.00,emergency,2024-11-02 03:11:03
220,455,Devolved maximized utilisation,$620.65,emergency,2024-08-04 02:13:41
221,473,Synergistic bi-directional algorithm,$2237.56,scheduled,2024-01-14 11:24:35
222,629,Reduced interactive info-mediaries,$434.37,preventative,2023-05-20 09:07:07
223,689,Ameliorated radical contingency,$2066.49,cosmetic,2023-06-26 16:21:05
224,480,Distributed hybrid open system,$2377.48,cosmetic,2025-04-05 23:39:48
225,139,Synergized maximized function,$1842.35,emergency,2023-03-15 08:15:41
226,410,Universal logistical firmware,$2203.39,cosmetic,2023-03-24 22:56:29
227,767,Robust incremental strategy,$2251.55,preventative,2024-01-29 08:31:21
228,428,Triple-buffered 24 hour adapter,$630.80,cosmetic,2025-02-05 14:34:55
229,103,Profit-focused grid-enabled success,$2277.91,cosmetic,2024-06-15 16:03:29
230,951,Fully-configurable real-time frame,$1573.45,scheduled,2023-07-10 04:33:51
231,781,Streamlined client-driven concept,$2228.84,cosmetic,2025-04-29 11:50:32
232,80,Innovative fault-tolerant methodology,$1266.94,emergency,2025-05-31 22:30:55
233,344,Universal systematic time-frame,$852.47,emergency,2024-11-21 06:35:08
234,173,Multi-tiered executive functionalities,$695.77,preventative,2024-07-03 10:35:50
235,919,Down-sized responsive time-frame,$971.27,emergency,2024-10-07 03:35:47
236,526,Customer-focused tertiary contingency,$2063.90,scheduled,2025-08-19 06:44:05
237,869,Sharable optimizing alliance,$1776.97,scheduled,2023-12-30 06:25:52
238,348,Stand-alone content-based installation,$246.61,cosmetic,2024-12-13 11:36:07
239,628,Balanced leading edge model,$2075.06,scheduled,2025-02-09 10:53:36
240,874,Progressive systematic flexibility,$1545.71,preventative,2025-02-03 07:40:40
241,412,Operative regional initiative,$1946.53,scheduled,2024-07-28 14:57:02
242,239,Adaptive directional data-warehouse,$104.95,emergency,2025-07-13 11:02:13
243,493,Virtual analyzing service-desk,$962.03,cosmetic,2024-10-24 18:02:10
244,609,Organized incremental ability,$1582.40,scheduled,2023-06-26 00:18:55
245,431,Vision-oriented impactful array,$655.46,cosmetic,2024-04-22 11:09:40
246,665,Open-architected clear-thinking success,$1198.78,preventative,2023-05-16 12:42:30
247,282,Optional modular encryption,$1437.59,scheduled,2023-10-27 02:20:32
248,930,Seamless tertiary forecast,$212.11,emergency,2024-08-23 15:28:49
249,751,Proactive solution-oriented info-mediaries,$365.47,cosmetic,2023-04-02 19:03:34
250,359,Versatile 24 hour structure,$550.51,cosmetic,2023-11-19 15:58:07
251,455,Multi-channelled logistical neural-net,$612.94,preventative,2023-06-26 06:47:48
252,826,Team-oriented 24/7 moderator,$2153.44,scheduled,2025-04-05 11:38:07
253,979,Inverse analyzing leverage,$847.15,scheduled,2023-03-15 07:53:54
254,443,Ergonomic actuating Graphical User Interface,$1986.20,cosmetic,2025-01-27 22:24:13
255,489,Optional 6th generation open architecture,$1947.51,emergency,2025-01-29 06:07:16
256,546,Customer-focused didactic migration,$1452.96,emergency,2023-11-23 18:25:35
257,293,Expanded background open system,$2121.40,emergency,2023-11-07 08:42:44
258,794,Stand-alone uniform complexity,$766.70,cosmetic,2024-12-26 00:36:57
259,570,Configurable well-modulated open system,$93.44,emergency,2024-10-23 07:14:02
260,270,Robust client-server application,$1465.20,preventative,2024-10-17 21:21:04
261,810,Configurable next generation neural-net,$1524.94,emergency,2024-10-30 19:58:28
262,934,Re-contextualized local attitude,$2259.40,preventative,2023-09-13 04:59:03
263,251,Mandatory cohesive paradigm,$1418.44,emergency,2023-08-21 02:26:28
264,708,Face to face zero tolerance instruction set,$1474.61,preventative,2024-02-05 13:04:22
265,969,Assimilated well-modulated monitoring,$1075.74,emergency,2023-11-29 21:50:41
266,100,Horizontal national neural-net,$1513.74,preventative,2025-05-27 20:47:32
267,456,Operative value-added product,$369.30,emergency,2025-03-03 13:52:27
268,182,Fully-configurable static matrices,$448.68,scheduled,2024-08-24 07:31:17
269,239,Pre-emptive encompassing leverage,$1936.56,emergency,2023-09-05 16:20:21
270,680,Decentralized systemic task-force,$1324.25,cosmetic,2025-02-06 03:59:25
271,444,Intuitive non-volatile internet solution,$702.59,cosmetic,2025-05-09 11:19:11
272,226,Focused 4th generation knowledge base,$1757.18,scheduled,2024-10-20 22:48:38
273,499,Versatile attitude-oriented algorithm,$1621.57,preventative,2024-02-20 10:15:12
274,532,Right-sized demand-driven standardization,$467.50,emergency,2023-08-19 04:56:27
275,799,Adaptive optimizing approach,$2202.41,scheduled,2024-11-22 23:49:50
276,151,Up-sized executive firmware,$560.43,scheduled,2023-11-28 05:57:11
277,201,Sharable stable internet solution,$2168.52,scheduled,2025-02-22 20:52:18
278,883,Upgradable bottom-line definition,$1786.07,cosmetic,2023-08-14 07:23:58
279,764,Public-key tertiary archive,$336.50,scheduled,2023-04-09 19:26:08
280,579,Multi-lateral impactful application,$2328.85,emergency,2024-11-12 05:35:51
281,695,Compatible homogeneous function,$819.25,preventative,2024-01-04 12:15:44
282,872,Upgradable user-facing productivity,$284.47,preventative,2024-07-27 07:10:08
283,901,Progressive context-sensitive circuit,$1132.98,preventative,2024-10-07 12:35:05
284,485,Configurable foreground interface,$1401.29,emergency,2025-07-24 20:21:59
285,675,Upgradable zero defect complexity,$363.33,scheduled,2024-01-25 17:14:07
286,699,Robust attitude-oriented extranet,$934.06,cosmetic,2023-11-10 06:15:34
287,14,Total client-driven process improvement,$441.37,scheduled,2025-06-27 07:28:09
288,913,Up-sized eco-centric intranet,$1747.36,preventative,2025-03-22 23:25:09
289,848,Upgradable static circuit,$56.26,scheduled,2024-02-09 11:44:49
290,549,Centralized directional local area network,$192.30,emergency,2023-09-12 18:40:06
291,746,Versatile regional solution,$2110.59,cosmetic,2024-12-30 01:05:01
292,218,Right-sized multi-tasking standardization,$1015.04,scheduled,2024-03-15 01:16:42
293,383,Re-contextualized composite archive,$451.21,preventative,2024-12-22 00:40:47
294,114,Team-oriented methodical time-frame,$643.13,scheduled,2024-05-21 01:54:16
295,700,Team-oriented homogeneous process improvement,$856.68,emergency,2023-08-23 14:14:30
296,106,Open-architected encompassing matrix,$2089.40,scheduled,2024-06-14 21:33:38
297,164,Inverse bandwidth-monitored conglomeration,$1330.56,emergency,2025-05-06 05:16:16
298,548,Persistent upward-trending Graphic Interface,$52.94,scheduled,2024-05-17 05:07:10
299,313,Exclusive zero administration protocol,$653.74,cosmetic,2024-10-18 12:48:50
300,187,Virtual explicit capacity,$1480.51,preventative,2023-07-15 23:40:40
301,397,Re-contextualized needs-based installation,$997.17,cosmetic,2023-09-17 11:49:37
302,545,Balanced upward-trending intranet,$1906.43,cosmetic,2025-04-18 10:56:17
303,804,Progressive next generation migration,$2010.03,scheduled,2024-05-11 16:19:49
304,229,Advanced human-resource standardization,$910.66,cosmetic,2024-10-28 21:01:25
305,664,Cross-platform leading edge database,$296.60,cosmetic,2023-06-23 13:59:06
306,160,Enterprise-wide neutral open architecture,$2494.74,scheduled,2024-03-06 12:02:31
307,536,Universal fresh-thinking leverage,$566.36,preventative,2024-02-10 08:25:31
308,52,Reverse-engineered systemic utilisation,$371.93,scheduled,2025-01-21 08:14:33
309,299,Reactive web-enabled process improvement,$790.69,emergency,2025-07-25 04:43:27
310,678,Self-enabling secondary open architecture,$1521.32,preventative,2025-04-09 10:13:29
311,72,Team-oriented reciprocal focus group,$656.54,emergency,2025-03-05 17:19:30
312,968,Customizable intangible implementation,$161.74,cosmetic,2024-02-04 14:29:58
313,913,Realigned 6th generation info-mediaries,$4.38,preventative,2024-09-17 13:19:11
314,426,Down-sized mobile functionalities,$1877.23,cosmetic,2025-01-31 11:15:00
315,973,Virtual context-sensitive Graphic Interface,$895.24,emergency,2023-05-06 20:45:00
316,256,Polarised directional challenge,$1321.72,emergency,2025-08-18 00:02:27
317,818,Operative disintermediate algorithm,$172.49,cosmetic,2025-01-07 10:41:00
318,629,Centralized neutral software,$2470.73,scheduled,2024-07-16 15:35:27
319,411,Customizable full-range help-desk,$1048.34,scheduled,2024-11-04 20:34:14
320,604,Synchronised stable complexity,$1575.83,scheduled,2023-04-02 11:54:57
321,197,Optional attitude-oriented standardization,$1580.94,preventative,2023-12-03 05:48:25
322,438,Advanced dedicated model,$671.27,scheduled,2023-11-27 08:54:42
323,323,Assimilated real-time framework,$1589.85,emergency,2024-03-21 21:57:00
324,995,User-centric radical orchestration,$392.77,emergency,2024-03-11 14:36:46
325,906,Vision-oriented multi-state portal,$868.50,scheduled,2025-05-12 10:24:06
326,25,Visionary logistical access,$1185.21,preventative,2025-07-28 09:01:51
327,649,Enterprise-wide intangible service-desk,$850.48,cosmetic,2025-06-14 00:41:54
328,14,Re-contextualized real-time support,$2001.12,emergency,2024-10-01 15:04:14
329,824,Synchronised bi-directional utilisation,$1927.83,emergency,2023-04-27 06:12:11
330,128,Extended coherent alliance,$291.44,preventative,2024-10-27 22:06:32
331,18,Down-sized 24 hour orchestration,$1065.98,preventative,2025-07-24 01:56:01
332,28,Inverse bifurcated budgetary management,$1180.10,emergency,2025-02-10 17:41:25
333,620,Automated secondary approach,$596.76,emergency,2023-06-02 07:05:14
334,362,Synergized reciprocal hierarchy,$1682.88,cosmetic,2024-02-24 08:37:33
335,439,Realigned well-modulated capacity,$2093.18,scheduled,2025-08-19 18:55:51
336,43,Switchable heuristic time-frame,$1207.86,cosmetic,2024-03-24 11:14:41
337,806,Mandatory tertiary installation,$2045.73,emergency,2023-11-07 01:32:01
338,679,Grass-roots optimal software,$2389.67,preventative,2023-03-14 06:40:21
339,538,Synchronised mission-critical capacity,$570.36,preventative,2024-10-01 03:55:50
340,116,Stand-alone object-oriented workforce,$826.14,emergency,2024-10-13 16:23:44
341,846,Upgradable national focus group,$2201.90,preventative,2023-10-02 20:30:11
342,214,Integrated foreground solution,$2047.64,cosmetic,2023-10-24 15:17:17
343,965,Centralized foreground monitoring,$1044.80,emergency,2023-09-08 00:11:12
344,715,Re-engineered coherent migration,$641.27,emergency,2024-10-23 09:55:36
345,550,Reverse-engineered composite structure,$726.67,scheduled,2023-11-20 10:46:22
346,498,Realigned maximized algorithm,$2115.88,scheduled,2024-06-13 08:26:35
347,472,Devolved client-driven strategy,$835.53,scheduled,2025-01-03 19:49:44
348,439,Automated impactful concept,$1943.90,preventative,2023-07-28 03:09:45
349,534,Object-based tertiary interface,$2498.30,emergency,2023-09-30 00:36:19
350,844,Universal demand-driven capability,$142.61,emergency,2023-09-25 22:16:56
351,194,Optional uniform solution,$606.87,cosmetic,2024-08-21 00:43:10
352,301,Exclusive didactic concept,$704.55,cosmetic,2024-09-07 07:04:18
353,244,Progressive even-keeled structure,$1076.78,scheduled,2024-12-01 07:57:50
354,220,Re-contextualized content-based migration,$2404.32,scheduled,2024-10-13 17:23:48
355,617,Cross-platform discrete definition,$2275.85,preventative,2023-06-12 15:11:08
356,40,Universal tertiary process improvement,$633.11,cosmetic,2023-09-07 04:19:08
357,50,Stand-alone mission-critical contingency,$2155.87,cosmetic,2024-09-24 17:06:35
358,210,Organic executive firmware,$1850.67,preventative,2023-11-23 13:36:17
359,240,Expanded multi-state software,$233.58,emergency,2025-06-02 01:08:36
360,770,Reactive composite local area network,$2316.50,scheduled,2023-05-30 14:48:37
361,830,Ameliorated modular installation,$1330.59,preventative,2024-06-03 14:21:32
362,133,Re-contextualized high-level workforce,$1935.48,scheduled,2024-03-09 18:32:26
363,75,Visionary interactive flexibility,$38.33,preventative,2024-09-30 12:56:25
364,518,De-engineered regional emulation,$1719.43,scheduled,2025-07-05 06:11:19
365,584,Open-source zero defect functionalities,$1883.12,cosmetic,2024-07-24 01:35:08
366,696,Self-enabling bottom-line customer loyalty,$1462.24,preventative,2024-07-06 15:05:54
367,715,Realigned next generation orchestration,$200.30,scheduled,2024-04-03 07:58:54
368,12,Organized composite intranet,$2103.07,scheduled,2024-06-02 23:18:37
369,81,Phased user-facing archive,$303.25,preventative,2024-02-03 08:56:20
370,977,Automated non-volatile frame,$506.59,scheduled,2025-08-21 07:01:58
371,285,Profit-focused modular frame,$1788.49,cosmetic,2025-01-21 18:04:08
372,110,Public-key regional encryption,$1779.09,scheduled,2024-12-07 11:05:00
373,185,Multi-channelled systemic application,$1823.89,emergency,2024-06-05 10:19:18
374,907,Centralized national encoding,$855.99,cosmetic,2024-10-23 17:58:17
375,47,Quality-focused asynchronous knowledge base,$797.09,cosmetic,2025-01-19 17:45:51
376,208,Switchable well-modulated extranet,$430.38,preventative,2024-10-17 03:03:46
377,930,Persevering human-resource local area network,$2337.37,cosmetic,2023-10-09 23:38:42
378,580,Face to face bandwidth-monitored utilisation,$1300.74,cosmetic,2025-03-26 18:36:22
379,570,Ergonomic hybrid monitoring,$444.37,preventative,2025-07-28 01:32:34
380,383,Operative bandwidth-monitored success,$2320.04,preventative,2023-09-22 10:09:43
381,190,Open-source exuding leverage,$2225.11,cosmetic,2023-05-23 22:42:26
382,94,Versatile client-driven superstructure,$1644.35,preventative,2025-08-28 03:58:54
383,197,Profit-focused modular functionalities,$774.11,preventative,2025-08-01 12:07:33
384,803,Implemented tangible data-warehouse,$527.09,scheduled,2025-04-06 17:37:36
385,276,Self-enabling demand-driven migration,$225.34,preventative,2023-12-23 06:43:14
386,582,Seamless fresh-thinking matrices,$872.27,scheduled,2023-06-03 18:23:50
387,134,Customer-focused bifurcated functionalities,$2186.93,cosmetic,2025-07-01 19:30:45
388,365,Self-enabling well-modulated support,$1226.18,scheduled,2023-09-27 06:28:06
389,904,Configurable tangible software,$1872.39,preventative,2024-01-27 16:12:04
390,154,Fully-configurable grid-enabled help-desk,$451.31,cosmetic,2025-03-27 20:28:44
391,579,Progressive client-server encryption,$2368.81,scheduled,2024-09-28 22:15:43
392,59,Focused didactic Graphic Interface,$381.97,cosmetic,2023-09-21 16:20:59
393,195,Up-sized demand-driven process improvement,$1370.25,cosmetic,2024-11-18 15:41:09
394,340,Seamless bifurcated collaboration,$1138.01,scheduled,2023-06-08 07:09:14
395,264,Synergistic methodical emulation,$2338.45,cosmetic,2025-01-12 07:44:08
396,136,Object-based incremental focus group,$131.53,cosmetic,2024-09-18 15:54:10
397,213,Stand-alone tangible local area network,$2005.36,preventative,2025-07-22 14:47:59
398,509,Business-focused 6th generation core,$1005.98,preventative,2024-10-22 18:56:38
399,381,Inverse logistical definition,$383.87,emergency,2025-05-12 06:26:25
400,995,Face to face mission-critical focus group,$2154.22,cosmetic,2024-02-16 07:32:11
401,892,Team-oriented full-range hub,$1990.62,cosmetic,2024-07-05 05:24:24
402,352,Phased demand-driven installation,$596.90,emergency,2024-05-12 16:17:46
403,281,Upgradable real-time Graphic Interface,$2176.66,scheduled,2025-08-30 08:37:12
404,135,Right-sized exuding extranet,$1426.84,preventative,2024-05-15 11:48:10
405,723,De-engineered optimizing database,$280.65,cosmetic,2024-07-10 17:28:50
406,352,Persistent local help-desk,$1135.78,preventative,2024-12-21 20:01:52
407,228,Proactive bottom-line superstructure,$1975.74,emergency,2023-03-25 15:06:51
408,662,Decentralized well-modulated moratorium,$618.49,cosmetic,2025-02-06 01:37:02
409,792,Balanced context-sensitive portal,$690.91,scheduled,2023-11-02 13:27:12
410,800,De-engineered context-sensitive adapter,$2370.48,cosmetic,2025-07-26 14:16:32
411,221,Optimized object-oriented monitoring,$1722.23,preventative,2024-12-18 01:28:32
412,648,Self-enabling logistical success,$994.19,cosmetic,2025-04-27 00:05:53
413,918,Fundamental high-level methodology,$1550.02,cosmetic,2023-03-08 01:32:21
414,816,Progressive global website,$1092.04,cosmetic,2023-03-11 16:52:26
415,18,Upgradable contextually-based parallelism,$1671.82,scheduled,2025-07-15 21:35:20
416,378,Future-proofed demand-driven complexity,$2231.01,cosmetic,2024-05-21 21:54:24
417,975,Balanced intermediate ability,$1220.23,preventative,2025-02-09 02:21:21
418,526,Secured contextually-based hardware,$1810.83,cosmetic,2024-06-10 20:20:05
419,12,Horizontal upward-trending contingency,$2295.52,preventative,2024-08-22 06:07:14
420,777,Ameliorated client-driven flexibility,$923.93,preventative,2024-12-18 13:40:01
421,761,Reactive intermediate pricing structure,$745.48,cosmetic,2023-08-20 00:42:07
422,980,Seamless 24 hour framework,$820.53,emergency,2023-05-10 08:34:54
423,984,Streamlined explicit support,$795.08,preventative,2023-12-16 06:21:47
424,696,Synergistic zero tolerance moderator,$147.23,preventative,2025-03-09 12:34:23
425,533,Customer-focused client-driven groupware,$191.41,emergency,2023-03-21 16:16:39
426,257,Streamlined actuating standardization,$623.98,scheduled,2024-08-22 13:00:01
427,458,Intuitive web-enabled synergy,$202.62,emergency,2025-02-05 04:50:57
428,111,Decentralized grid-enabled strategy,$509.46,emergency,2024-10-15 21:28:18
429,586,Managed zero administration solution,$1192.82,scheduled,2025-03-26 16:59:35
430,378,Self-enabling object-oriented success,$743.29,emergency,2024-08-05 12:47:09
431,402,Reactive multimedia capacity,$101.77,cosmetic,2023-10-18 04:57:33
432,578,Up-sized 24/7 open system,$287.06,preventative,2023-05-08 08:01:25
433,253,Public-key modular structure,$955.55,cosmetic,2025-05-20 01:28:52
434,460,Extended upward-trending access,$342.31,preventative,2025-02-08 04:17:13
435,950,Function-based needs-based process improvement,$1902.18,cosmetic,2025-08-22 14:06:15
436,521,Secured radical moderator,$2318.72,emergency,2023-05-26 03:06:19
437,384,Re-contextualized national pricing structure,$282.23,cosmetic,2023-08-12 02:16:19
438,243,Cloned systemic access,$686.74,preventative,2025-01-30 07:50:57
439,335,Organic systemic protocol,$2144.19,preventative,2025-06-26 13:23:20
440,897,Fundamental value-added array,$2403.00,scheduled,2023-03-21 16:26:54
441,385,Organized real-time concept,$376.86,scheduled,2024-11-17 08:53:37
442,324,Managed maximized productivity,$1942.56,scheduled,2024-03-12 01:38:22
443,98,Persistent value-added parallelism,$1114.82,preventative,2023-09-14 15:48:26
444,115,Realigned local matrix,$1589.54,cosmetic,2025-01-20 04:27:29
445,820,Multi-lateral needs-based knowledge user,$2472.67,emergency,2024-06-07 21:48:18
446,510,Devolved next generation hierarchy,$48.75,emergency,2025-07-11 16:52:08
447,957,Stand-alone demand-driven core,$44.99,cosmetic,2025-05-26 02:50:28
448,905,Sharable 24/7 intranet,$10.12,scheduled,2024-10-09 18:27:46
449,943,Distributed dedicated database,$1064.48,emergency,2024-03-03 00:38:29
450,582,Monitored disintermediate contingency,$1666.35,preventative,2024-03-08 13:32:53
451,657,Cloned static ability,$1361.79,cosmetic,2025-03-26 11:54:00
452,240,Phased reciprocal strategy,$208.90,emergency,2024-07-22 22:12:31
453,122,Organized 24 hour migration,$791.86,cosmetic,2025-02-04 16:22:59
454,557,Upgradable systemic budgetary management,$669.51,preventative,2023-05-30 23:50:56
455,37,Multi-layered incremental firmware,$1405.62,preventative,2024-12-24 22:32:56
456,11,Optional uniform help-desk,$1659.64,preventative,2023-10-28 04:59:10
457,159,Down-sized user-facing leverage,$1712.69,emergency,2024-12-09 20:56:36
458,188,Innovative reciprocal throughput,$706.32,emergency,2024-02-01 20:27:49
459,814,Cloned responsive concept,$1408.73,cosmetic,2025-03-11 03:19:01
460,489,Self-enabling non-volatile installation,$1256.58,emergency,2023-08-24 09:43:52
461,116,Centralized real-time emulation,$210.64,preventative,2023-06-16 07:38:18
462,802,Stand-alone transitional knowledge base,$354.60,scheduled,2025-03-06 11:29:46
463,806,Ergonomic analyzing leverage,$1155.01,preventative,2025-01-27 07:57:07
464,85,Profound real-time projection,$1121.37,scheduled,2023-06-10 10:41:08
465,337,Devolved demand-driven groupware,$325.58,emergency,2025-07-25 10:58:20
466,508,Upgradable 4th generation support,$100.38,emergency,2024-04-11 14:17:47
467,220,Seamless tangible intranet,$1203.40,preventative,2023-04-02 04:47:09
468,355,Virtual fresh-thinking time-frame,$660.68,preventative,2024-09-14 04:35:47
469,568,Team-oriented directional throughput,$150.53,emergency,2024-05-14 07:16:11
470,953,Grass-roots heuristic policy,$320.00,preventative,2025-06-20 15:36:26
471,553,Assimilated content-based product,$249.50,preventative,2024-02-19 08:06:09
472,253,Reactive multi-state framework,$709.37,cosmetic,2025-03-02 07:25:52
473,594,Profound disintermediate firmware,$624.00,scheduled,2024-12-23 03:21:18
474,482,Face to face tangible paradigm,$790.11,cosmetic,2023-06-15 20:09:28
475,713,Phased directional info-mediaries,$214.30,cosmetic,2025-07-10 20:18:05
476,346,Inverse analyzing pricing structure,$1378.93,scheduled,2023-08-07 01:01:12
477,960,Seamless needs-based circuit,$554.84,scheduled,2025-08-28 03:16:05
478,890,Advanced hybrid focus group,$321.65,emergency,2024-07-03 15:13:59
479,163,Future-proofed foreground workforce,$1133.99,emergency,2025-06-10 03:56:39
480,397,Extended discrete local area network,$1421.53,emergency,2024-11-06 05:41:24
481,58,Robust content-based collaboration,$160.47,scheduled,2024-05-27 12:28:26
482,703,Profound zero administration help-desk,$509.39,cosmetic,2023-07-03 17:30:22
483,813,Open-source background methodology,$754.81,preventative,2024-10-03 10:05:46
484,428,Configurable uniform methodology,$677.14,scheduled,2023-09-10 07:30:56
485,699,Seamless tangible service-desk,$2251.97,emergency,2023-04-02 20:19:56
486,320,Cloned multi-state focus group,$1093.84,emergency,2024-10-25 19:03:10
487,563,Public-key human-resource conglomeration,$2048.62,preventative,2023-04-10 04:49:31
488,626,Automated homogeneous alliance,$2381.34,preventative,2023-09-15 10:24:40
489,75,Digitized bi-directional forecast,$258.78,scheduled,2023-07-18 12:14:05
490,888,Horizontal local installation,$2053.80,preventative,2024-05-30 02:21:43
491,759,Ergonomic client-driven encoding,$1653.43,scheduled,2024-08-04 05:31:51
492,649,Assimilated bi-directional time-frame,$241.43,cosmetic,2023-10-09 12:48:36
493,114,Realigned responsive leverage,$2028.56,scheduled,2025-01-17 12:19:35
494,866,Cloned zero administration interface,$1738.74,scheduled,2023-10-13 07:23:33
495,432,Versatile 24 hour solution,$729.24,scheduled,2023-03-14 01:55:13
496,964,Implemented 5th generation access,$1215.21,emergency,2023-09-14 07:54:20
497,886,Streamlined bottom-line projection,$893.03,preventative,2024-08-08 12:01:38
498,331,Re-contextualized explicit model,$376.60,scheduled,2025-08-12 12:46:54
499,743,Inverse coherent hierarchy,$765.38,scheduled,2023-10-19 21:57:41
500,822,Enhanced radical data-warehouse,$1571.29,emergency,2025-02-19 20:26:31
501,501,Universal mobile alliance,$1300.36,cosmetic,2023-11-15 21:42:20
502,942,Object-based asynchronous open architecture,$396.82,cosmetic,2023-05-16 07:28:49
503,790,Ameliorated actuating paradigm,$2454.00,cosmetic,2024-01-30 00:59:01
504,628,Secured motivating data-warehouse,$981.51,preventative,2025-08-05 16:42:28
505,264,Intuitive asymmetric customer loyalty,$2260.62,emergency,2023-09-02 21:12:06
506,609,Progressive multi-tasking access,$563.70,cosmetic,2023-07-05 22:39:48
507,46,Assimilated homogeneous Graphical User Interface,$2037.06,scheduled,2023-05-16 09:31:20
508,501,Sharable grid-enabled customer loyalty,$2054.03,cosmetic,2024-07-19 23:04:51
509,884,Front-line systemic product,$574.37,scheduled,2023-04-04 12:38:17
510,280,Re-engineered optimal architecture,$282.98,cosmetic,2025-08-11 17:23:38
511,788,Centralized mobile service-desk,$321.34,scheduled,2024-07-14 22:56:12
512,187,Persevering encompassing functionalities,$841.08,preventative,2025-08-25 15:32:45
513,841,Persistent value-added focus group,$2039.93,emergency,2025-07-18 06:24:08
514,367,Grass-roots asynchronous solution,$1151.90,cosmetic,2023-08-31 23:26:33
515,592,Innovative clear-thinking neural-net,$2352.07,emergency,2024-06-16 00:15:51
516,898,Pre-emptive 5th generation definition,$2185.66,cosmetic,2024-06-30 20:09:05
517,99,Pre-emptive tangible standardization,$984.55,scheduled,2024-08-07 09:55:48
518,38,Proactive zero defect neural-net,$2188.64,emergency,2025-07-28 23:20:04
519,814,Function-based asynchronous matrix,$1960.76,preventative,2024-06-27 23:18:07
520,801,Configurable regional matrices,$2386.09,emergency,2023-03-26 11:52:12
521,100,Ergonomic empowering flexibility,$303.66,preventative,2024-11-05 00:39:28
522,539,Public-key explicit time-frame,$1058.61,emergency,2024-04-05 17:42:38
523,175,Organic discrete matrices,$1996.23,cosmetic,2024-10-12 09:44:02
524,609,Seamless 5th generation success,$2084.57,emergency,2024-02-27 14:04:00
525,507,Synchronised demand-driven focus group,$339.69,preventative,2024-04-20 02:19:28
526,58,Organized regional structure,$330.20,cosmetic,2024-08-30 16:51:01
527,858,Customizable mission-critical functionalities,$870.29,preventative,2025-05-25 05:04:15
528,484,Mandatory hybrid circuit,$1174.27,preventative,2023-08-22 17:51:20
529,544,Focused stable database,$2212.85,scheduled,2024-01-16 06:13:47
530,117,Devolved solution-oriented installation,$1616.74,emergency,2023-11-14 08:20:10
531,792,Stand-alone optimizing capability,$1653.91,scheduled,2025-05-04 04:57:59
532,641,Digitized tertiary orchestration,$1489.90,emergency,2024-03-22 10:02:12
533,467,Business-focused eco-centric methodology,$1898.62,emergency,2023-10-04 00:36:34
534,397,Enhanced regional intranet,$1446.03,preventative,2025-05-06 11:31:12
535,213,Ergonomic national pricing structure,$861.26,emergency,2025-06-25 10:11:38
536,975,Switchable didactic monitoring,$1788.12,preventative,2023-12-09 09:02:12
537,884,User-centric maximized framework,$1480.64,preventative,2025-07-24 15:19:48
538,597,Synergized executive complexity,$1201.41,cosmetic,2025-02-26 20:09:24
539,941,Focused scalable framework,$1533.47,emergency,2024-09-05 16:00:36
540,422,Business-focused needs-based moderator,$337.98,preventative,2025-01-11 04:17:00
541,651,User-friendly 24 hour collaboration,$2001.19,preventative,2023-04-14 23:51:29
542,699,Progressive multimedia challenge,$2084.15,preventative,2025-03-10 00:50:44
543,721,Assimilated leading edge knowledge base,$323.86,cosmetic,2024-03-05 06:34:20
544,270,Multi-layered mission-critical knowledge user,$348.97,cosmetic,2024-01-29 15:58:43
545,950,Operative real-time circuit,$977.96,emergency,2024-08-12 17:56:40
546,414,Public-key disintermediate system engine,$1644.92,emergency,2024-08-09 11:27:51
547,103,Optional holistic Graphic Interface,$1797.18,cosmetic,2024-10-28 16:20:06
548,69,Organized impactful concept,$760.73,cosmetic,2024-10-22 05:12:43
549,71,Monitored local algorithm,$2301.78,scheduled,2023-09-23 01:24:36
550,904,Right-sized zero tolerance data-warehouse,$2251.54,scheduled,2025-07-19 23:54:50
551,333,Front-line upward-trending open system,$1523.50,cosmetic,2023-12-17 09:05:56
552,216,Integrated motivating algorithm,$1444.40,preventative,2025-02-06 19:36:32
553,380,Adaptive system-worthy help-desk,$1398.49,emergency,2024-06-25 01:53:51
554,643,Inverse fresh-thinking focus group,$35.99,preventative,2024-02-02 19:50:17
555,739,Synergized multi-state solution,$945.06,cosmetic,2025-03-28 00:45:19
556,600,Intuitive optimizing hardware,$2062.74,scheduled,2025-04-18 12:19:24
557,768,Function-based incremental approach,$1270.70,cosmetic,2023-12-06 00:01:01
558,916,Reverse-engineered 24 hour conglomeration,$1668.17,cosmetic,2023-04-27 18:16:54
559,377,Integrated user-facing parallelism,$1555.54,emergency,2024-01-07 12:30:01
560,466,Vision-oriented intangible knowledge base,$616.37,preventative,2023-08-03 03:29:26
561,88,Expanded fresh-thinking matrices,$2418.37,cosmetic,2024-01-20 09:33:14
562,813,Robust tertiary utilisation,$675.77,scheduled,2025-06-11 14:20:21
563,92,Programmable transitional focus group,$1178.94,emergency,2023-03-16 00:39:15
564,231,Ameliorated content-based encoding,$862.59,cosmetic,2024-11-27 11:25:24
565,600,Virtual holistic policy,$1582.01,emergency,2023-05-14 17:15:44
566,803,Open-architected attitude-oriented knowledge user,$2243.24,cosmetic,2023-07-04 08:20:31
567,169,Optimized system-worthy collaboration,$2377.97,scheduled,2024-01-06 00:46:38
568,70,Digitized empowering functionalities,$1297.94,emergency,2025-06-25 06:53:30
569,565,Down-sized impactful task-force,$1792.87,scheduled,2023-05-11 04:29:42
570,91,Multi-layered foreground algorithm,$2094.90,preventative,2025-06-30 21:20:20
571,939,Organic context-sensitive matrix,$876.41,preventative,2025-02-20 18:31:01
572,123,Synchronised transitional system engine,$736.92,cosmetic,2025-07-15 19:44:01
573,421,Synchronised responsive implementation,$1288.19,preventative,2023-06-01 05:22:17
574,998,Reverse-engineered scalable attitude,$1332.92,preventative,2024-05-12 04:15:39
575,651,Automated tangible info-mediaries,$1308.81,emergency,2024-04-15 00:51:30
576,39,Synchronised dedicated initiative,$751.72,cosmetic,2025-04-10 20:29:54
577,904,Persevering context-sensitive monitoring,$1366.50,scheduled,2025-07-18 12:43:21
578,217,Multi-channelled impactful groupware,$1826.23,scheduled,2023-11-09 10:40:11
579,685,Multi-channelled context-sensitive collaboration,$1540.05,emergency,2024-10-20 17:50:54
580,62,Optional bottom-line parallelism,$2178.52,preventative,2025-02-01 08:14:04
581,382,Assimilated multi-state orchestration,$124.56,emergency,2023-08-03 18:46:46
582,870,Managed dynamic throughput,$230.03,scheduled,2024-04-08 23:43:59
583,896,Polarised radical circuit,$1065.56,preventative,2025-06-11 17:27:41
584,596,Team-oriented zero tolerance time-frame,$2056.47,cosmetic,2024-02-27 23:27:11
585,727,Devolved uniform hardware,$1300.97,scheduled,2025-01-30 19:21:31
586,628,Up-sized impactful instruction set,$1078.26,preventative,2025-08-15 20:29:55
587,528,Open-source explicit approach,$1004.92,preventative,2025-04-01 21:07:46
588,210,Progressive discrete alliance,$766.66,emergency,2024-12-14 14:18:34
589,311,Multi-layered 24/7 product,$2489.60,preventative,2024-11-30 08:40:05
590,280,Self-enabling exuding model,$85.20,preventative,2023-06-01 17:26:13
591,443,Open-architected homogeneous hierarchy,$1042.14,cosmetic,2023-04-10 21:27:26
592,479,Upgradable secondary data-warehouse,$2276.38,cosmetic,2024-02-09 22:20:09
593,323,Enhanced explicit portal,$1982.95,emergency,2025-02-17 17:49:07
594,886,Enhanced upward-trending service-desk,$2376.65,emergency,2023-06-06 09:33:46
595,69,Multi-tiered global adapter,$2472.80,cosmetic,2024-04-11 16:45:23
596,108,Horizontal radical info-mediaries,$1419.11,scheduled,2023-11-28 03:45:33
597,306,Configurable 3rd generation installation,$1517.68,preventative,2024-09-22 11:23:02
598,949,Programmable well-modulated adapter,$313.93,scheduled,2025-07-24 15:46:59
599,594,Upgradable dedicated migration,$1727.07,scheduled,2023-04-20 17:19:16
600,195,Programmable multi-tasking knowledge base,$530.31,cosmetic,2024-03-07 15:43:40
601,20,Enhanced fault-tolerant system engine,$47.11,preventative,2024-11-14 10:30:04
602,321,Re-contextualized logistical leverage,$1149.76,emergency,2023-06-22 07:53:39
603,325,Customer-focused solution-oriented installation,$60.62,preventative,2025-04-22 02:42:56
604,687,Business-focused composite array,$1420.48,scheduled,2023-08-05 05:01:11
605,659,De-engineered exuding throughput,$464.39,preventative,2024-12-31 17:29:00
606,186,Reactive optimal service-desk,$579.84,emergency,2025-04-02 19:32:16
607,238,Multi-tiered bi-directional initiative,$634.12,preventative,2024-01-05 03:06:14
608,22,Persistent global monitoring,$1203.09,cosmetic,2025-01-10 10:40:05
609,186,Balanced exuding approach,$1766.48,cosmetic,2024-07-15 08:27:42
610,304,Extended multimedia capacity,$1956.92,emergency,2025-06-29 05:22:42
611,700,Devolved incremental productivity,$543.80,cosmetic,2023-05-28 09:26:11
612,477,Multi-lateral empowering circuit,$443.55,scheduled,2023-08-24 02:41:42
613,90,Team-oriented 4th generation standardization,$142.04,scheduled,2024-07-13 10:49:57
614,129,Sharable modular Graphical User Interface,$2034.83,preventative,2023-10-06 23:34:44
615,268,Devolved value-added algorithm,$2392.89,cosmetic,2025-01-31 04:32:01
616,205,Robust leading edge local area network,$2362.29,preventative,2025-05-09 08:18:57
617,761,Devolved context-sensitive leverage,$2029.80,cosmetic,2023-03-16 01:44:01
618,488,Upgradable regional architecture,$2181.28,preventative,2024-02-15 04:48:15
619,15,Monitored mobile focus group,$1491.10,emergency,2023-03-20 02:35:36
620,913,Balanced methodical pricing structure,$1286.77,emergency,2023-09-26 17:42:44
621,188,Front-line full-range implementation,$2021.21,scheduled,2024-06-04 13:16:56
622,230,Fundamental uniform project,$589.81,emergency,2023-06-20 12:44:59
623,577,Phased didactic productivity,$2058.19,cosmetic,2024-09-27 17:10:12
624,165,Proactive bandwidth-monitored database,$538.34,cosmetic,2023-10-12 05:38:52
625,508,Cross-group even-keeled capability,$1289.37,scheduled,2025-08-16 04:28:39
626,702,Polarised regional capability,$212.23,preventative,2023-10-03 15:17:47
627,750,Diverse bi-directional process improvement,$1025.81,emergency,2025-03-12 02:57:40
628,724,Switchable 4th generation local area network,$72.78,preventative,2023-09-30 05:09:53
629,357,Expanded radical portal,$1074.40,scheduled,2024-12-09 00:13:50
630,264,Intuitive local middleware,$1138.36,preventative,2025-08-22 05:06:12
631,480,Down-sized static knowledge base,$528.96,emergency,2024-03-15 09:03:34
632,188,Secured regional database,$1734.05,scheduled,2024-12-29 09:21:05
633,850,User-centric hybrid intranet,$2168.26,cosmetic,2025-03-16 15:04:53
634,827,Phased 6th generation analyzer,$1277.25,preventative,2024-02-11 00:22:36
635,22,Virtual incremental superstructure,$475.65,cosmetic,2023-05-17 03:19:29
636,540,Realigned client-server open architecture,$902.17,preventative,2023-11-15 06:14:52
637,976,Public-key systematic encoding,$1323.68,scheduled,2023-12-03 06:05:04
638,332,Down-sized user-facing superstructure,$52.16,cosmetic,2023-12-20 19:42:17
639,139,Vision-oriented methodical open system,$937.83,emergency,2024-09-13 12:20:01
640,339,Face to face impactful knowledge base,$1412.16,cosmetic,2024-07-23 14:34:47
641,607,Optional mobile capability,$2147.06,preventative,2023-07-01 15:15:47
642,571,Realigned systematic extranet,$1805.35,preventative,2023-10-20 08:52:25
643,656,Phased needs-based intranet,$1076.30,preventative,2024-05-22 05:30:57
644,853,Fundamental heuristic solution,$154.66,cosmetic,2024-03-08 19:53:13
645,410,Function-based web-enabled neural-net,$2014.09,scheduled,2025-02-25 06:25:19
646,286,Future-proofed grid-enabled ability,$1056.57,preventative,2023-05-01 17:57:16
647,600,Virtual full-range success,$1170.65,preventative,2023-08-09 06:10:20
648,852,Quality-focused stable time-frame,$2394.25,preventative,2023-09-08 13:22:03
649,110,Front-line zero administration focus group,$1625.70,scheduled,2024-06-17 09:05:00
650,849,Ergonomic discrete encoding,$22.66,emergency,2024-02-05 06:26:00
651,139,Grass-roots human-resource standardization,$1655.15,preventative,2025-04-18 16:52:31
652,907,Extended real-time attitude,$2319.87,emergency,2024-12-11 03:19:12
653,385,Cross-platform optimal knowledge base,$1221.54,cosmetic,2024-03-19 01:52:09
654,688,Reverse-engineered next generation forecast,$352.33,emergency,2023-04-30 21:22:04
655,184,Devolved reciprocal contingency,$463.76,preventative,2024-10-27 07:03:29
656,695,Extended system-worthy focus group,$126.89,emergency,2024-04-24 16:37:07
657,629,Total multimedia open system,$562.91,cosmetic,2023-05-05 10:34:16
658,868,Right-sized dynamic conglomeration,$366.11,scheduled,2023-12-22 19:47:21
659,374,Triple-buffered leading edge attitude,$343.52,emergency,2024-07-29 10:31:40
660,455,Distributed 6th generation strategy,$1660.25,emergency,2024-10-13 14:33:51
661,29,Cross-group explicit neural-net,$2440.35,cosmetic,2023-11-09 02:05:35
662,593,Seamless interactive portal,$2334.32,emergency,2023-05-30 19:02:30
663,992,Enterprise-wide scalable software,$157.18,preventative,2025-03-04 06:40:51
664,869,Open-architected logistical open architecture,$191.61,cosmetic,2023-08-05 16:58:41
665,453,Virtual needs-based leverage,$1711.17,cosmetic,2024-11-16 05:44:21
666,9,Versatile holistic encoding,$2406.50,emergency,2025-08-10 20:33:25
667,705,Robust executive local area network,$1911.62,scheduled,2024-10-11 21:04:21
668,805,Intuitive responsive moratorium,$1960.00,emergency,2024-12-13 21:17:51
669,12,Implemented tangible capacity,$1934.03,cosmetic,2023-11-16 11:24:24
670,188,Profound multi-tasking superstructure,$336.40,scheduled,2025-01-28 05:26:47
671,756,User-centric 5th generation open system,$1602.81,scheduled,2024-02-19 00:56:49
672,649,Secured 5th generation application,$1507.21,scheduled,2023-05-25 07:18:35
673,191,Business-focused 24/7 challenge,$1272.83,scheduled,2023-12-25 08:18:47
674,790,Enhanced actuating application,$1025.24,emergency,2024-09-29 21:13:25
675,612,Enhanced 4th generation initiative,$521.44,preventative,2023-10-30 22:01:55
676,744,Fundamental system-worthy moratorium,$428.02,scheduled,2025-08-12 01:04:42
677,50,Cross-platform global help-desk,$2140.18,scheduled,2025-08-21 10:28:26
678,631,Networked bifurcated function,$1953.48,emergency,2025-01-03 21:51:00
679,941,Right-sized directional architecture,$1251.60,cosmetic,2024-11-02 09:58:13
680,133,Digitized next generation contingency,$308.40,scheduled,2025-01-13 18:15:41
681,956,Intuitive zero administration interface,$617.97,emergency,2023-09-19 00:22:31
682,944,Upgradable bi-directional time-frame,$1288.27,cosmetic,2024-06-24 07:27:02
683,640,Universal fault-tolerant strategy,$470.70,scheduled,2024-04-11 15:58:57
684,352,Object-based interactive time-frame,$1156.82,cosmetic,2025-02-28 23:19:43
685,73,Multi-tiered methodical orchestration,$545.92,preventative,2023-09-09 20:33:32
686,247,User-friendly exuding open architecture,$1981.51,scheduled,2024-11-25 00:43:45
687,258,Profit-focused empowering standardization,$501.99,cosmetic,2025-08-22 17:21:50
688,331,Automated demand-driven interface,$785.05,cosmetic,2025-01-23 16:10:30
689,399,Profound homogeneous hierarchy,$1457.03,preventative,2024-02-05 09:11:19
690,364,Proactive bifurcated support,$408.74,preventative,2024-07-01 19:15:06
691,226,Synergistic bandwidth-monitored archive,$10.87,cosmetic,2025-07-10 18:24:38
692,177,Profound 5th generation productivity,$1828.67,cosmetic,2023-07-20 04:45:00
693,822,Grass-roots solution-oriented moderator,$1570.88,emergency,2023-04-06 17:36:43
694,749,Upgradable heuristic portal,$845.02,preventative,2024-05-19 18:11:05
695,731,Adaptive didactic attitude,$1096.19,emergency,2023-04-25 12:16:24
696,27,Assimilated 5th generation project,$1973.86,cosmetic,2025-01-01 02:48:21
697,358,Innovative bandwidth-monitored flexibility,$1541.88,scheduled,2025-05-03 07:42:56
698,148,Exclusive actuating encryption,$235.97,preventative,2024-07-07 15:28:32
699,387,Decentralized reciprocal firmware,$1692.21,cosmetic,2024-12-08 23:16:52
700,684,Synchronised global service-desk,$2471.79,preventative,2023-06-05 02:35:40
701,245,Operative tangible workforce,$1981.13,emergency,2024-10-16 00:30:18
702,976,Intuitive local concept,$2336.77,emergency,2023-11-18 03:20:46
703,919,Managed responsive function,$445.43,emergency,2024-03-29 08:01:02
704,566,Grass-roots local time-frame,$2296.74,scheduled,2023-06-25 15:45:16
705,701,Intuitive zero administration knowledge base,$762.44,cosmetic,2023-07-23 00:48:12
706,872,Phased well-modulated ability,$1528.44,cosmetic,2025-04-08 01:51:41
707,520,Adaptive encompassing superstructure,$636.32,preventative,2023-06-10 04:24:31
708,532,Front-line zero administration matrices,$2056.20,cosmetic,2025-05-10 09:35:55
709,599,Profit-focused hybrid collaboration,$2393.46,scheduled,2023-09-13 03:08:46
710,163,Organized dynamic focus group,$765.97,preventative,2023-05-26 12:45:24
711,280,Innovative systemic support,$1881.84,cosmetic,2025-08-13 09:35:24
712,129,Operative high-level collaboration,$1968.36,preventative,2024-02-12 16:34:10
713,984,Fully-configurable static ability,$658.67,emergency,2025-03-29 04:31:19
714,154,Progressive cohesive protocol,$2139.09,preventative,2024-03-04 21:29:41
715,319,Organic maximized Graphic Interface,$770.43,preventative,2025-08-09 23:07:47
716,770,Mandatory optimal encryption,$2016.89,scheduled,2024-05-06 18:15:38
717,480,User-centric 24 hour local area network,$1186.53,scheduled,2025-05-07 00:33:49
718,420,Open-architected reciprocal functionalities,$162.07,emergency,2024-06-07 05:44:46
719,96,Future-proofed grid-enabled monitoring,$312.02,emergency,2023-07-21 19:56:11
720,534,Streamlined bottom-line capability,$212.33,scheduled,2023-09-17 04:14:59
721,7,Implemented responsive hardware,$485.71,scheduled,2025-01-09 09:57:21
722,199,Mandatory full-range Graphical User Interface,$405.94,scheduled,2024-12-31 23:28:09
723,901,Fully-configurable bifurcated infrastructure,$2217.24,emergency,2025-06-27 22:27:45
724,175,Operative full-range time-frame,$1341.27,scheduled,2024-10-21 19:48:35
725,879,Pre-emptive optimizing definition,$1170.74,scheduled,2024-07-23 03:32:15
726,316,Advanced hybrid capacity,$370.77,preventative,2024-11-12 07:55:12
727,433,Multi-lateral eco-centric collaboration,$1472.95,scheduled,2024-05-12 12:41:30
728,356,Cloned zero administration local area network,$966.99,emergency,2024-05-31 08:31:10
729,305,Grass-roots empowering productivity,$2114.09,cosmetic,2024-07-14 08:45:47
730,786,Secured web-enabled policy,$1510.82,preventative,2025-01-26 17:56:22
731,618,Organic intangible Graphic Interface,$2364.83,preventative,2023-06-03 15:47:49
732,388,Configurable multimedia knowledge base,$2261.01,cosmetic,2023-03-08 09:04:59
733,455,Grass-roots demand-driven synergy,$2179.73,preventative,2024-02-17 11:56:53
734,486,Phased grid-enabled open system,$2390.13,cosmetic,2023-03-21 06:39:40
735,174,Robust zero tolerance moderator,$1991.60,preventative,2025-06-01 10:21:05
736,985,Realigned needs-based standardization,$47.94,preventative,2023-07-27 03:20:18
737,931,Front-line bottom-line infrastructure,$275.97,scheduled,2023-11-01 21:29:16
738,999,Assimilated zero defect service-desk,$847.94,cosmetic,2024-12-26 08:53:17
739,870,Down-sized grid-enabled budgetary management,$1800.55,scheduled,2023-11-18 05:49:10
740,54,Optimized fault-tolerant Graphical User Interface,$623.48,preventative,2025-03-17 15:24:34
741,708,Innovative 3rd generation paradigm,$1843.50,scheduled,2024-10-07 14:15:22
742,524,Progressive upward-trending strategy,$635.96,preventative,2023-03-08 14:49:04
743,709,Monitored clear-thinking pricing structure,$522.54,cosmetic,2025-01-02 12:53:11
744,650,Reduced object-oriented circuit,$19.46,scheduled,2023-12-13 15:01:44
745,398,Cloned static intranet,$943.63,emergency,2025-04-29 19:27:25
746,111,Team-oriented upward-trending monitoring,$1918.97,emergency,2024-03-13 02:55:01
747,826,Organic high-level process improvement,$2041.94,preventative,2023-11-04 12:39:21
748,146,Seamless object-oriented pricing structure,$1469.89,cosmetic,2024-10-10 08:50:17
749,736,Reduced foreground instruction set,$678.98,emergency,2023-12-01 14:21:03
750,851,Face to face mission-critical algorithm,$674.55,cosmetic,2024-05-22 12:26:17
751,377,Triple-buffered fault-tolerant software,$2490.08,preventative,2023-11-07 20:28:12
752,101,Quality-focused bottom-line model,$1243.16,cosmetic,2023-11-26 02:14:03
753,438,Virtual even-keeled archive,$670.26,preventative,2024-02-21 14:12:46
754,566,Reactive fault-tolerant hierarchy,$1987.06,emergency,2023-08-20 00:39:37
755,846,Down-sized mobile installation,$2099.84,emergency,2023-04-13 02:47:55
756,797,Synergized logistical knowledge user,$159.80,preventative,2023-09-07 08:31:36
757,652,Integrated neutral toolset,$998.23,cosmetic,2025-04-15 00:23:20
758,2,Balanced cohesive task-force,$1745.53,scheduled,2024-07-08 16:04:42
759,156,Robust full-range leverage,$1573.20,emergency,2024-09-09 03:15:05
760,570,Optimized foreground function,$1006.95,cosmetic,2024-08-16 15:38:51
761,70,Realigned contextually-based secured line,$393.49,cosmetic,2023-03-16 23:44:53
762,752,Distributed responsive capability,$1841.61,scheduled,2025-05-27 07:45:31
763,624,Switchable real-time function,$1646.21,cosmetic,2023-03-29 08:37:26
764,258,Mandatory homogeneous adapter,$1910.35,emergency,2024-06-30 11:50:24
765,341,Diverse mobile challenge,$1622.37,cosmetic,2023-10-25 17:55:44
766,898,Sharable coherent adapter,$84.83,scheduled,2024-05-04 16:14:29
767,903,Extended mission-critical budgetary management,$1119.47,cosmetic,2024-06-22 14:56:12
768,836,Streamlined explicit moderator,$399.97,scheduled,2025-08-25 05:09:27
769,508,Multi-lateral full-range instruction set,$986.54,preventative,2024-08-05 23:44:59
770,971,Horizontal logistical middleware,$1421.70,preventative,2023-05-28 08:03:37
771,585,Up-sized eco-centric concept,$1042.93,scheduled,2023-04-07 15:09:29
772,402,Diverse tertiary orchestration,$418.49,emergency,2023-03-11 18:14:43
773,642,Upgradable neutral policy,$741.72,emergency,2025-04-27 19:04:50
774,28,De-engineered intermediate groupware,$1695.92,scheduled,2023-08-16 19:14:42
775,612,Customizable bandwidth-monitored conglomeration,$930.99,preventative,2024-01-12 03:32:43
776,617,Advanced cohesive software,$2376.68,scheduled,2024-03-14 11:56:43
777,389,Switchable mission-critical process improvement,$2151.95,emergency,2024-07-02 23:31:02
778,776,User-centric exuding data-warehouse,$1789.90,scheduled,2024-04-14 08:29:41
779,436,Polarised scalable structure,$2255.23,emergency,2025-06-20 20:21:02
780,362,Profound directional interface,$1954.35,emergency,2023-10-25 07:08:28
781,785,Advanced incremental parallelism,$242.29,preventative,2023-05-23 04:45:39
782,901,Reactive disintermediate groupware,$2137.19,preventative,2023-08-01 01:03:07
783,592,Enhanced intangible middleware,$169.48,preventative,2025-03-14 06:11:29
784,373,Triple-buffered bifurcated architecture,$239.60,preventative,2023-10-01 17:40:03
785,576,Self-enabling client-driven definition,$1955.32,preventative,2025-07-16 00:03:45
786,656,Function-based encompassing capability,$1674.07,scheduled,2025-05-24 23:31:28
787,909,Upgradable background focus group,$1347.38,emergency,2023-04-17 04:07:07
788,18,Advanced fresh-thinking monitoring,$2050.59,emergency,2023-09-13 22:28:35
789,88,Distributed mission-critical productivity,$2243.67,cosmetic,2023-08-13 11:59:04
790,13,Extended non-volatile flexibility,$1470.32,emergency,2025-07-27 06:48:45
791,749,Seamless needs-based installation,$1849.45,preventative,2024-07-21 02:50:46
792,106,Universal attitude-oriented hierarchy,$2193.68,emergency,2024-06-10 10:59:28
793,783,Secured impactful service-desk,$945.67,cosmetic,2025-03-19 11:34:18
794,999,Innovative bifurcated pricing structure,$2446.10,emergency,2025-05-01 03:02:31
795,439,Cross-group client-driven approach,$516.83,cosmetic,2025-07-26 20:39:30
796,82,Fully-configurable demand-driven archive,$1115.44,scheduled,2025-03-14 02:52:45
797,140,Quality-focused contextually-based knowledge base,$2145.63,cosmetic,2024-12-06 03:08:25
798,726,Persistent mission-critical attitude,$1780.68,preventative,2024-02-01 14:43:27
799,562,Visionary 6th generation benchmark,$1505.42,preventative,2025-06-20 04:45:35
800,941,Triple-buffered optimal hub,$1874.73,preventative,2024-05-13 15:15:53
801,345,De-engineered content-based protocol,$722.48,cosmetic,2023-08-21 15:30:58
802,670,Mandatory scalable approach,$816.33,cosmetic,2023-03-09 17:56:36
803,206,Switchable asynchronous encryption,$2152.49,cosmetic,2025-02-16 00:06:29
804,209,Visionary analyzing Graphical User Interface,$103.85,cosmetic,2025-07-02 10:09:57
805,808,Networked grid-enabled success,$572.72,scheduled,2023-12-01 15:00:55
806,114,Ameliorated maximized workforce,$1420.16,preventative,2024-02-13 04:52:45
807,620,Networked static challenge,$16.41,cosmetic,2023-08-01 21:47:01
808,923,Front-line local hierarchy,$1161.32,scheduled,2023-03-28 02:41:15
809,938,Fundamental cohesive capacity,$176.76,scheduled,2024-02-13 16:20:49
810,935,Face to face incremental hierarchy,$1936.46,preventative,2024-05-31 20:05:47
811,36,Re-contextualized contextually-based portal,$1121.96,emergency,2025-03-08 01:03:21
812,943,Reverse-engineered impactful emulation,$1272.99,emergency,2023-10-07 15:14:12
813,94,Universal attitude-oriented budgetary management,$1176.39,emergency,2023-06-04 11:21:24
814,247,Enhanced local forecast,$2150.91,emergency,2025-05-08 06:34:26
815,710,Front-line modular core,$1038.92,cosmetic,2023-04-05 00:28:11
816,995,Realigned non-volatile Graphical User Interface,$2429.05,scheduled,2023-06-25 23:34:47
817,294,Devolved maximized project,$1679.53,preventative,2025-05-20 20:30:46
818,662,Proactive fault-tolerant customer loyalty,$522.10,scheduled,2024-01-28 03:37:48
819,257,Vision-oriented fault-tolerant definition,$1763.94,scheduled,2023-12-15 20:37:37
820,631,Cloned static standardization,$2426.69,cosmetic,2025-06-25 21:30:33
821,214,Reduced bandwidth-monitored matrices,$565.03,preventative,2025-05-24 23:44:46
822,560,Stand-alone non-volatile approach,$1170.91,emergency,2025-04-22 02:45:17
823,292,Robust asynchronous alliance,$1368.33,emergency,2025-01-04 09:25:01
824,422,User-centric static local area network,$1016.35,preventative,2024-05-28 14:29:44
825,244,Open-source object-oriented concept,$2031.89,scheduled,2025-05-25 10:19:17
826,78,Optional attitude-oriented task-force,$547.75,preventative,2024-01-26 22:27:29
827,573,Horizontal impactful collaboration,$1955.33,preventative,2025-07-20 14:17:43
828,377,Automated solution-oriented analyzer,$447.04,preventative,2025-04-08 06:55:12
829,100,Inverse attitude-oriented core,$926.31,scheduled,2024-02-05 06:13:01
830,143,Focused attitude-oriented strategy,$657.31,preventative,2023-11-02 12:10:12
831,89,Managed empowering pricing structure,$727.85,emergency,2024-12-13 18:26:57
832,130,Fundamental didactic pricing structure,$2375.72,preventative,2023-12-01 10:45:38
833,145,Synergistic responsive contingency,$147.16,scheduled,2024-03-03 20:52:53
834,293,Programmable 6th generation Graphic Interface,$2364.27,cosmetic,2025-02-02 04:13:32
835,705,Multi-lateral impactful internet solution,$1096.90,cosmetic,2023-12-07 20:13:11
836,498,Enhanced well-modulated moderator,$669.91,preventative,2023-06-09 05:25:52
837,116,Programmable composite definition,$9.03,cosmetic,2023-03-16 00:46:15
838,67,Synergistic static solution,$617.64,scheduled,2025-04-20 18:12:55
839,220,Right-sized incremental orchestration,$721.75,cosmetic,2024-03-15 07:46:16
840,262,Streamlined static infrastructure,$327.40,cosmetic,2023-11-22 02:34:13
841,878,Multi-channelled secondary flexibility,$1776.72,scheduled,2023-07-25 06:29:47
842,1,Digitized incremental application,$496.00,scheduled,2025-03-25 21:28:09
843,718,Persistent object-oriented attitude,$1168.47,scheduled,2023-03-18 04:04:14
844,832,Seamless 3rd generation parallelism,$1350.22,emergency,2023-09-01 10:40:23
845,268,Visionary encompassing hierarchy,$2189.18,scheduled,2024-04-19 05:03:53
846,640,Team-oriented non-volatile secured line,$2058.47,scheduled,2024-04-15 03:08:44
847,436,Diverse systemic function,$1032.19,emergency,2025-03-01 12:01:43
848,616,Customer-focused even-keeled utilisation,$1709.17,emergency,2024-09-13 05:15:37
849,462,Exclusive hybrid application,$2143.86,emergency,2025-03-10 11:00:06
850,183,Customer-focused holistic protocol,$2227.08,emergency,2025-02-19 05:25:07
851,612,Persistent multimedia matrices,$1543.84,cosmetic,2023-05-06 07:11:40
852,353,Inverse 24/7 throughput,$364.75,preventative,2025-03-30 11:39:25
853,834,Reduced bottom-line analyzer,$1649.72,scheduled,2023-04-12 03:00:26
854,444,Progressive intangible success,$619.78,preventative,2025-07-13 07:43:09
855,873,Public-key bifurcated concept,$1056.56,preventative,2024-12-01 00:24:37
856,145,Phased systematic alliance,$2486.94,scheduled,2025-03-15 23:30:19
857,841,Advanced leading edge collaboration,$425.45,cosmetic,2025-07-23 10:33:19
858,459,Optimized fault-tolerant solution,$1060.03,preventative,2023-03-08 20:20:38
859,798,Versatile 6th generation groupware,$1029.33,emergency,2024-11-30 02:50:35
860,371,Seamless reciprocal policy,$722.76,scheduled,2023-07-26 08:22:04
861,621,Organic asynchronous function,$1071.47,cosmetic,2025-08-13 13:52:01
862,56,Distributed reciprocal process improvement,$1357.02,preventative,2025-02-12 08:04:37
863,399,Virtual needs-based artificial intelligence,$617.16,preventative,2023-03-17 19:26:21
864,566,Business-focused leading edge matrix,$425.09,preventative,2023-03-21 20:50:54
865,848,Ergonomic encompassing product,$102.64,scheduled,2024-06-14 04:14:53
866,881,Programmable interactive system engine,$1083.17,cosmetic,2024-08-11 06:02:28
867,453,Stand-alone interactive system engine,$1914.39,preventative,2025-08-07 03:41:54
868,567,Reactive uniform function,$1107.32,cosmetic,2024-03-20 21:28:37
869,137,Integrated client-driven knowledge user,$712.32,cosmetic,2024-04-16 20:23:54
870,101,Triple-buffered web-enabled workforce,$1847.11,preventative,2023-12-01 08:37:27
871,572,Programmable background support,$1262.41,cosmetic,2023-08-18 20:06:05
872,692,Integrated solution-oriented productivity,$127.71,scheduled,2024-01-18 18:15:03
873,524,Public-key zero defect process improvement,$509.71,emergency,2023-03-09 23:20:37
874,753,Realigned 5th generation algorithm,$897.07,scheduled,2024-10-05 07:47:49
875,853,Networked next generation encoding,$1872.24,preventative,2023-10-24 11:59:28
876,691,Enterprise-wide secondary artificial intelligence,$2015.95,emergency,2025-01-16 04:29:42
877,232,Inverse zero tolerance help-desk,$1035.81,scheduled,2023-06-17 15:48:56
878,1000,Decentralized demand-driven capacity,$1233.55,cosmetic,2024-07-20 16:34:51
879,819,Pre-emptive background conglomeration,$325.16,scheduled,2024-07-19 02:32:02
880,583,Advanced full-range migration,$2242.00,emergency,2024-12-10 07:55:37
881,346,Persevering multi-tasking challenge,$239.91,emergency,2024-07-15 18:31:43
882,408,Pre-emptive static migration,$1906.23,scheduled,2024-08-20 01:07:28
883,884,Multi-layered system-worthy orchestration,$827.06,emergency,2025-08-07 18:42:21
884,422,Enhanced contextually-based artificial intelligence,$2458.79,scheduled,2023-03-17 21:04:15
885,175,Enhanced human-resource throughput,$1725.87,cosmetic,2025-08-13 16:15:32
886,580,Assimilated contextually-based initiative,$2234.68,preventative,2025-01-10 13:06:47
887,153,Centralized multi-state moderator,$665.32,scheduled,2023-04-14 19:25:22
888,141,Networked directional collaboration,$113.19,cosmetic,2024-12-24 10:18:45
889,289,Phased zero tolerance migration,$1771.87,emergency,2023-06-13 03:01:43
890,913,Implemented mission-critical flexibility,$1505.51,emergency,2025-06-17 16:30:48
891,230,Digitized dedicated internet solution,$4.42,scheduled,2025-01-03 14:07:50
892,140,Multi-channelled global capability,$584.66,emergency,2023-10-10 06:23:12
893,838,Configurable methodical analyzer,$202.99,scheduled,2025-03-27 12:15:54
894,476,Cross-group zero defect firmware,$553.71,preventative,2023-04-15 02:28:32
895,683,Re-contextualized needs-based hub,$1012.14,emergency,2024-12-30 05:21:43
896,752,Vision-oriented 4th generation structure,$1285.45,preventative,2023-03-23 19:27:09
897,56,Managed 5th generation help-desk,$254.58,scheduled,2023-04-23 18:24:35
898,741,Team-oriented methodical encoding,$127.91,cosmetic,2025-06-30 10:53:59
899,252,Business-focused content-based toolset,$703.45,preventative,2023-11-11 21:53:58
900,582,Progressive value-added projection,$2402.08,scheduled,2023-07-13 10:06:37
901,522,Robust analyzing alliance,$964.21,scheduled,2024-12-27 17:59:45
902,581,Stand-alone logistical challenge,$1075.19,scheduled,2024-08-09 10:01:28
903,972,Virtual non-volatile synergy,$1785.40,preventative,2023-11-30 04:40:31
904,672,Realigned homogeneous contingency,$1483.28,emergency,2024-12-21 12:38:04
905,60,De-engineered directional help-desk,$1189.26,preventative,2025-08-23 08:54:23
906,402,Versatile zero administration website,$1999.20,scheduled,2024-11-09 03:54:50
907,694,Centralized dynamic firmware,$494.51,preventative,2023-11-27 05:55:24
908,868,Vision-oriented context-sensitive benchmark,$301.42,preventative,2024-03-01 16:44:10
909,479,Synchronised optimizing website,$1991.00,emergency,2023-12-10 02:50:21
910,637,Synchronised optimizing hub,$1427.65,preventative,2025-01-03 14:37:16
911,72,Quality-focused zero defect throughput,$180.54,scheduled,2024-05-04 07:02:16
912,225,Cloned content-based challenge,$1584.76,scheduled,2023-05-05 03:46:24
913,141,Profit-focused optimal knowledge user,$778.64,emergency,2025-05-15 07:34:26
914,374,Extended analyzing capacity,$595.64,scheduled,2024-02-03 13:40:04
915,423,Profound intangible parallelism,$728.79,emergency,2023-10-31 16:29:13
916,980,Face to face optimizing knowledge base,$620.90,emergency,2023-10-31 14:36:24
917,179,Open-architected human-resource concept,$2101.28,scheduled,2024-01-10 16:07:38
918,530,Monitored system-worthy migration,$2410.82,cosmetic,2025-08-05 02:15:05
919,728,Function-based web-enabled hardware,$945.76,preventative,2024-11-25 17:22:26
920,869,Multi-tiered interactive adapter,$403.41,cosmetic,2024-12-01 16:28:50
921,592,Versatile encompassing algorithm,$1893.47,cosmetic,2023-06-11 01:26:16
922,400,Cross-group coherent info-mediaries,$2423.06,preventative,2024-07-31 02:03:35
923,972,Stand-alone composite implementation,$2479.90,cosmetic,2024-02-03 03:57:39
924,660,Synergized didactic implementation,$1589.43,preventative,2024-11-25 18:16:49
925,282,Multi-tiered logistical neural-net,$891.39,preventative,2024-04-04 17:14:06
926,348,Reverse-engineered incremental flexibility,$542.71,scheduled,2024-12-10 02:59:21
927,981,Optional stable definition,$1642.30,scheduled,2024-01-12 05:34:34
928,930,Extended demand-driven contingency,$2247.08,preventative,2024-03-27 15:11:06
929,692,Expanded impactful website,$1407.87,scheduled,2024-11-26 22:00:15
930,788,Enhanced human-resource budgetary management,$1089.64,cosmetic,2023-06-14 01:40:29
931,825,Cross-group value-added artificial intelligence,$891.99,cosmetic,2023-12-29 02:42:59
932,737,Multi-layered national circuit,$1575.88,emergency,2025-03-27 00:50:06
933,398,Persevering zero defect moratorium,$1916.89,cosmetic,2025-02-23 08:46:40
934,72,Mandatory transitional architecture,$2172.71,emergency,2024-08-20 05:36:06
935,626,Optimized bifurcated superstructure,$1141.44,preventative,2023-12-25 18:54:04
936,385,Switchable user-facing project,$801.15,scheduled,2025-03-27 14:50:48
937,205,Multi-layered optimal capacity,$790.74,cosmetic,2025-05-10 10:30:15
938,627,Mandatory clear-thinking paradigm,$1376.63,preventative,2024-03-10 07:57:05
939,719,Digitized solution-oriented moratorium,$2066.93,emergency,2024-07-23 15:00:49
940,962,Grass-roots didactic collaboration,$506.93,scheduled,2024-11-30 11:56:41
941,863,Visionary value-added archive,$1462.15,scheduled,2023-04-23 05:25:16
942,681,Upgradable dedicated complexity,$1197.83,preventative,2025-04-18 04:34:01
943,210,Up-sized background archive,$1776.29,preventative,2024-05-15 13:24:02
944,33,Stand-alone zero tolerance frame,$148.15,emergency,2025-06-23 11:45:32
945,465,Down-sized contextually-based hub,$597.85,scheduled,2024-08-01 09:15:27
946,161,Persevering global collaboration,$1682.54,scheduled,2024-08-04 17:23:34
947,548,Cross-group incremental superstructure,$1860.52,scheduled,2024-09-21 03:49:34
948,961,Profound bifurcated neural-net,$1998.38,emergency,2023-11-06 14:01:21
949,48,Secured 24/7 structure,$454.75,emergency,2025-06-08 13:18:02
950,441,Future-proofed dedicated workforce,$2223.91,emergency,2023-05-25 19:06:02
951,499,Phased optimal capability,$2226.61,scheduled,2024-01-24 04:25:55
952,917,Function-based methodical help-desk,$942.84,emergency,2023-11-19 06:57:59
953,124,Multi-lateral 24/7 complexity,$1386.81,emergency,2025-05-08 05:55:58
954,316,Versatile grid-enabled infrastructure,$1512.88,cosmetic,2023-07-19 00:08:21
955,91,Cross-platform tertiary matrix,$1908.38,scheduled,2024-08-06 16:09:41
956,25,Reverse-engineered methodical circuit,$1191.34,preventative,2023-10-07 14:38:24
957,704,Multi-layered 24/7 project,$2059.87,preventative,2024-03-22 20:32:13
958,428,Assimilated didactic data-warehouse,$1058.73,cosmetic,2023-07-16 10:11:18
959,552,Cross-group mission-critical ability,$695.64,scheduled,2023-10-20 05:51:10
960,820,Face to face cohesive alliance,$1721.31,emergency,2024-06-19 16:42:35
961,485,Progressive optimal migration,$1307.85,cosmetic,2025-03-10 20:06:47
962,656,Innovative bottom-line migration,$2467.54,preventative,2024-09-15 03:34:14
963,247,Secured asymmetric hierarchy,$690.73,emergency,2025-01-29 17:02:45
964,936,Expanded well-modulated knowledge base,$1729.89,emergency,2025-06-08 20:46:43
965,910,Persistent holistic policy,$1909.57,emergency,2023-03-15 16:46:31
966,288,Up-sized coherent product,$2300.76,preventative,2024-02-27 11:49:01
967,68,Persistent impactful flexibility,$452.91,cosmetic,2024-03-31 05:54:10
968,230,Compatible demand-driven collaboration,$1748.46,preventative,2025-07-09 16:47:06
969,37,Self-enabling national methodology,$673.23,preventative,2024-11-05 12:31:26
970,621,Front-line neutral solution,$1697.43,cosmetic,2025-06-17 08:03:19
971,228,Extended cohesive circuit,$853.92,cosmetic,2025-03-02 08:59:35
972,802,Multi-channelled tangible local area network,$1322.42,emergency,2025-08-12 06:45:16
973,756,Inverse bifurcated methodology,$1911.65,cosmetic,2025-07-24 12:50:18
974,784,Cross-platform static parallelism,$728.12,emergency,2023-10-30 18:38:11
975,600,Reduced didactic adapter,$2490.76,scheduled,2023-07-20 15:32:32
976,772,Face to face methodical software,$1678.70,scheduled,2024-05-06 21:23:50
977,17,Sharable context-sensitive benchmark,$2382.90,emergency,2024-09-12 10:07:41
978,686,Horizontal needs-based matrix,$778.62,cosmetic,2023-06-07 09:44:58
979,804,Customer-focused bi-directional process improvement,$967.19,preventative,2025-03-16 20:27:47
980,611,Assimilated actuating pricing structure,$122.41,scheduled,2023-09-17 14:02:57
981,931,Multi-tiered next generation projection,$91.65,emergency,2024-08-19 12:35:33
982,141,Networked disintermediate firmware,$1945.41,preventative,2023-06-22 18:04:27
983,77,Business-focused needs-based orchestration,$1719.80,preventative,2023-05-08 00:43:38
984,242,Exclusive grid-enabled solution,$53.16,cosmetic,2025-04-25 12:53:02
985,537,Front-line didactic knowledge user,$2229.03,scheduled,2023-04-19 20:10:54
986,453,Multi-layered multi-tasking local area network,$2279.76,emergency,2024-08-24 12:20:59
987,932,Focused coherent encryption,$2481.18,scheduled,2023-09-22 06:02:03
988,465,Versatile regional matrices,$2434.87,emergency,2023-11-20 20:03:38
989,393,Open-architected logistical projection,$165.14,scheduled,2024-12-13 07:21:56
990,8,Self-enabling local database,$543.56,scheduled,2023-08-04 20:58:28
991,621,User-friendly intermediate utilisation,$1980.00,emergency,2025-05-25 00:11:56
992,925,Fully-configurable tangible protocol,$865.01,preventative,2024-03-03 17:34:21
993,696,Progressive empowering benchmark,$876.33,cosmetic,2025-06-18 14:34:22
994,950,User-centric dynamic archive,$1754.15,preventative,2024-08-10 09:19:39
995,50,Programmable well-modulated leverage,$1006.87,preventative,2023-11-14 11:44:39
996,742,Right-sized holistic orchestration,$1809.45,scheduled,2023-12-04 09:25:09
997,183,Balanced radical Graphical User Interface,$1534.48,emergency,2023-04-27 21:31:12
998,899,User-friendly responsive extranet,$1486.42,cosmetic,2024-02-11 12:45:57
999,906,Reactive clear-thinking secured line,$1248.91,scheduled,2024-05-24 10:54:54
1000,965,Distributed grid-enabled concept,$1599.47,preventative,2023-08-21 15:11:46
